"TotalBath","TotalRoom","TotalSF","Quality","Condition","Location","YearBuilt","Price"
3,3,2566,7,5,"Norm",2003,208500
2,3,2524,6,8,"Feedr",1976,181500
3,3,2706,7,5,"Norm",2001,223500
3,4,3343,8,5,"Norm",2000,250000
2,1,2158,5,5,"Norm",1993,143000
2,3,3380,8,5,"Norm",2004,307000
3,3,3197,7,6,"PosN",1973,200000
1,2,2068,5,6,"Artery",1939,118000
1,3,2080,5,5,"Norm",1965,129500
1,2,1824,5,6,"Norm",1962,144000
2,2,2506,6,5,"Norm",1960,157000
1,2,1686,7,8,"Norm",1929,132000
1,2,2008,6,7,"Norm",1970,149000
2,2,1296,4,5,"Norm",1967,90000
2,3,2228,5,5,"RRAe",2004,159000
1,3,1745,7,7,"Norm",1930,139400
2,3,3572,8,5,"Norm",2002,230000
1,3,2100,5,7,"Norm",1976,129900
1,3,2120,5,8,"Norm",1968,154000
2,3,3166,8,5,"Norm",2007,256300
1,3,1800,5,7,"Norm",1951,134800
2,3,3408,8,5,"Norm",2007,306000
1,2,3084,5,6,"Norm",1957,207500
1,1,1040,4,6,"Feedr",1927,68500
1,3,1966,4,4,"Feedr",1920,40000
2,3,2456,5,6,"Norm",1966,149350
2,3,2468,8,5,"Norm",2007,179900
2,4,3098,5,5,"Norm",1959,165500
2,2,3122,9,5,"Norm",2005,277500
4,4,3569,8,5,"Norm",2004,309000
2,3,2194,5,5,"Norm",1994,145000
1,3,2594,5,6,"Norm",1954,153000
2,2,2678,5,6,"Norm",1959,170000
1,2,1724,5,7,"Norm",1983,144000
1,3,1876,5,6,"Norm",1975,130250
1,3,2300,5,6,"Norm",1959,141000
2,2,3504,9,5,"Norm",2005,319900
2,3,3312,8,5,"Norm",2006,249700
1,3,1910,5,7,"Norm",1966,127000
2,3,2264,6,6,"Norm",1997,177000
1,3,1992,6,6,"Norm",1934,114500
1,2,1632,5,5,"RRNn",1963,110000
1,0,3684,9,5,"Norm",1981,385000
1,3,1744,5,5,"Norm",1955,130000
2,3,2850,6,5,"Norm",1964,180500
3,3,2580,7,5,"Norm",2004,196500
1,2,1560,5,7,"Norm",1972,124900
1,3,1641,5,7,"Norm",1920,101000
2,2,2740,8,5,"Norm",2006,202500
2,3,2286,7,6,"RRAn",1921,140000
3,3,3091,7,5,"Norm",1997,219500
3,4,3616,8,5,"Norm",2004,317000
2,3,4154,7,5,"PosA",1970,180000
2,3,2932,7,5,"Norm",2003,226000
1,2,1494,4,6,"Artery",1945,80000
2,3,3591,7,4,"Norm",1953,225000
2,3,4446,7,6,"Norm",1973,244000
1,2,1690,4,6,"Norm",1982,129500
3,3,2550,7,5,"Norm",1998,185000
1,3,2172,5,7,"Norm",1954,144900
2,3,2445,3,6,"Norm",1915,107400
1,2,1450,4,5,"Norm",1973,91000
1,2,1904,4,7,"Norm",1956,135750
1,2,1957,5,5,"Norm",1948,127000
2,4,3536,4,5,"Norm",1968,136500
2,2,1670,5,6,"Norm",1910,110000
3,4,3038,6,6,"Norm",1968,193500
2,2,2574,6,5,"Norm",1998,153500
2,3,3126,8,5,"Norm",2007,245000
2,3,2130,5,5,"Norm",1960,126500
3,3,1858,7,5,"Norm",1995,168500
3,4,3705,8,5,"Norm",1991,260000
3,3,2244,6,5,"Norm",2005,174000
1,3,1980,4,5,"Norm",1994,123600
1,2,1040,4,5,"Norm",1950,109900
1,2,1840,5,7,"Norm",1921,163500
2,4,3505,6,6,"Norm",1910,133900
3,3,2610,6,5,"Norm",1997,204750
3,3,2150,6,8,"Norm",1993,185000
2,3,3176,7,5,"Norm",1999,214000
1,3,1920,4,5,"Norm",1965,94750
2,3,2175,4,5,"Norm",1959,128950
2,3,3220,6,7,"Norm",1977,205000
3,3,2473,6,5,"Norm",1985,178000
2,3,2452,7,5,"Norm",2009,198900
2,4,2858,7,4,"Norm",1931,169500
3,3,3045,8,5,"Norm",2003,250000
1,2,1688,4,7,"Norm",1885,100000
2,3,2310,5,7,"Artery",1919,115000
2,3,3688,6,6,"Norm",1977,190000
2,4,2849,6,4,"Norm",1954,136900
3,3,1814,7,5,"Norm",2000,180000
3,3,3348,6,8,"Norm",1945,259500
3,2,2187,6,5,"Norm",1999,176000
1,3,2184,5,5,"Norm",1962,139000
3,5,4895,7,5,"Norm",1990,320000
1,1,1926,6,5,"Norm",1969,180000
1,3,1855,4,5,"Norm",1939,100000
1,3,2160,6,7,"Norm",1958,136000
2,2,2398,6,5,"Norm",1993,153900
2,3,2948,6,5,"Norm",1979,181000
1,2,1274,6,8,"Norm",1935,84500
2,2,2036,6,5,"Norm",1976,128000
1,3,1512,5,7,"Feedr",1930,87000
2,3,2008,6,5,"PosN",1966,155000
3,4,3081,7,6,"Norm",1966,226000
3,3,3046,6,5,"Norm",2000,244000
1,3,2390,5,6,"Norm",1959,150750
2,2,2563,8,5,"Norm",2001,220000
3,3,3182,5,6,"Norm",1968,180000
2,3,2986,7,6,"Norm",1970,174000
2,3,2428,5,5,"Norm",1967,143000
3,3,2856,8,5,"Norm",1999,230000
3,3,2692,6,5,"Norm",1997,231500
1,3,1728,4,5,"Norm",1971,115000
2,3,3468,7,5,"Norm",2005,260000
2,4,2295,5,4,"Artery",1952,166000
2,3,2991,7,5,"Norm",1999,204000
2,3,2679,6,5,"Norm",2004,130000
1,2,1590,5,7,"Norm",1931,105000
3,3,2919,7,5,"Norm",2001,222500
1,3,2160,7,5,"Norm",2004,141000
1,3,2240,5,4,"Norm",1936,115000
2,3,1938,5,6,"Norm",1975,122000
3,4,2818,6,5,"Norm",1971,190000
1,1,2854,6,7,"Norm",1960,235000
1,2,1668,6,5,"Artery",1924,79000
1,2,1040,5,7,"Norm",1950,109500
3,3,2938,7,5,"Norm",2004,254900
2,3,2464,6,6,"Norm",1984,162500
3,3,4240,9,5,"Norm",2003,412500
1,1,1764,4,6,"Norm",1956,103200
2,3,2765,6,7,"Norm",1926,152000
2,4,1999,5,7,"Norm",1940,127500
1,2,3484,5,5,"Norm",1955,190000
3,3,2560,7,5,"Norm",2004,183500
3,2,3393,8,6,"Norm",1981,228000
2,2,2102,5,6,"Feedr",1941,128500
1,3,2736,6,5,"Norm",1960,215000
2,2,2831,7,7,"Norm",1987,239000
2,3,2724,6,5,"Norm",1961,163000
2,3,3257,6,5,"Norm",1986,184000
2,4,3360,6,7,"Norm",1950,243000
3,4,3211,6,5,"Norm",1988,211000
2,4,2972,5,5,"Norm",1958,172500
1,2,1936,5,6,"Norm",1923,100000
3,3,2281,6,5,"Norm",2000,177000
2,4,2595,7,6,"Norm",1920,200100
1,3,1340,5,6,"Artery",1957,120000
3,3,3444,7,5,"Norm",2003,200000
1,3,1756,5,8,"RRAn",1908,127000
3,4,4715,10,9,"Artery",1892,475000
2,3,2405,7,5,"Norm",1990,173000
3,3,2316,5,7,"Norm",1916,135000
2,0,3186,8,5,"Norm",2001,286000
3,3,3580,8,8,"Norm",1932,315000
2,4,2204,7,9,"Norm",1972,184000
2,3,2862,7,5,"Norm",1999,192000
2,3,2679,7,5,"Norm",2004,130000
1,3,1728,5,7,"Norm",1972,127000
3,3,2311,6,6,"Norm",1976,148500
2,3,3426,8,5,"Norm",2004,274900
2,2,2242,4,5,"Norm",2003,140000
2,3,2475,6,6,"Norm",1977,171500
2,2,1927,6,6,"Artery",1924,112000
1,1,1696,6,5,"Norm",2004,149000
2,2,2004,5,7,"Norm",1947,110000
2,3,2866,7,5,"Norm",1990,180500
2,3,2836,5,5,"RRAe",1962,143900
1,3,2200,4,5,"Norm",1960,141000
3,3,3219,7,5,"Norm",1988,277000
1,3,2184,6,7,"Norm",1964,145000
1,2,1728,5,6,"Norm",1925,98000
2,3,2424,6,5,"Norm",2009,186000
1,3,1980,5,5,"Norm",1995,156000
2,3,2081,6,7,"Norm",1977,161750
1,2,2306,5,6,"Norm",1957,134450
2,3,2872,7,5,"Norm",2004,210000
2,3,2752,7,9,"Norm",1939,311500
3,4,3277,6,5,"Norm",2002,200000
3,3,2265,6,6,"RRAn",1975,179900
2,3,4784,10,5,"Norm",2003,386250
2,2,1470,6,6,"Norm",1970,106000
1,3,1824,5,5,"Feedr",1967,125000
2,2,2928,7,5,"Norm",2005,192500
1,3,2388,6,6,"Norm",1959,148000
3,4,4256,8,5,"Norm",1995,403000
2,2,1470,6,5,"Norm",1972,94500
1,3,1788,5,6,"Norm",1976,128200
3,4,2820,6,5,"Norm",2002,216500
2,2,1470,6,3,"Norm",1971,89500
2,3,2828,7,5,"Norm",2004,185500
3,3,2740,7,7,"RRNe",1993,194500
2,3,2222,6,4,"Norm",1945,113000
2,3,3132,8,5,"Norm",2008,262500
1,2,1552,5,9,"Norm",1945,110500
1,3,1980,5,4,"Norm",1900,79000
2,3,1843,6,6,"Norm",1980,120000
3,3,3058,7,5,"Norm",1994,205000
2,3,3717,7,5,"Norm",1988,241500
2,4,2948,6,8,"Norm",1910,137000
1,2,2742,6,5,"Norm",1954,140000
3,3,2508,7,5,"Norm",2003,180000
2,4,3588,6,7,"Norm",1958,277000
1,3,2034,3,2,"Norm",1940,76500
3,3,2438,6,5,"Norm",2004,173000
2,3,2604,6,7,"Norm",1964,158000
1,3,2628,5,6,"Norm",1957,145000
3,4,3266,7,5,"Norm",1999,230000
3,3,2592,6,5,"Norm",2003,207500
3,3,2755,7,5,"Norm",2001,231500
1,2,882,5,5,"Norm",1956,97000
1,3,2744,6,5,"Artery",1962,176000
1,3,1718,6,7,"Norm",1977,151000
1,3,2242,5,7,"Norm",1929,130000
1,2,1444,5,5,"Artery",1925,73000
2,3,2844,6,6,"Norm",1981,175500
3,3,2313,6,5,"Norm",1997,185000
3,4,2912,5,8,"Norm",1939,179500
1,2,1518,5,6,"Norm",1940,120500
2,3,2256,6,7,"Norm",1976,148000
1,2,2748,7,7,"Norm",1954,241500
3,4,3422,8,7,"Norm",1999,290000
2,3,2872,6,6,"Feedr",1958,139000
1,2,1632,5,7,"Norm",1982,124500
3,3,2500,7,7,"Norm",1925,205000
2,3,3120,7,5,"Norm",2003,201000
1,2,1728,4,5,"Norm",1951,141000
3,4,3182,7,5,"Norm",1977,192000
3,3,2789,7,6,"Norm",1989,228500
2,2,2628,7,5,"Norm",2007,207500
2,2,3150,6,5,"Norm",1992,179200
2,3,2646,6,7,"Norm",1962,159000
1,3,1716,4,4,"Norm",1971,88000
1,3,1782,5,5,"Norm",1967,122000
1,3,2094,6,7,"RRAn",1915,153575
2,6,2496,5,6,"Norm",1912,135900
2,3,2484,5,4,"Norm",1949,131000
3,3,3058,7,7,"PosA",1977,235000
1,3,3060,6,5,"Norm",1953,167000
1,3,2006,6,6,"Norm",1984,142500
2,4,2468,5,5,"Norm",1950,152000
3,3,2925,7,5,"Norm",1997,239000
3,3,2445,6,6,"Norm",1968,175000
1,2,2501,5,5,"Norm",1953,157000
3,4,3480,8,5,"Norm",1998,267000
2,3,3082,7,5,"Norm",2001,205000
3,3,4963,7,9,"Norm",1880,295000
2,3,4000,8,5,"Norm",2004,305900
3,4,2943,7,5,"Feedr",1990,225000
1,3,1725,6,7,"Artery",1920,89500
1,1,1722,4,5,"Norm",1940,82500
2,3,3840,9,5,"Norm",2003,360000
3,3,2198,6,5,"Norm",1993,165600
1,2,1944,6,6,"Norm",1948,132000
1,3,1911,5,7,"Artery",1939,119900
2,3,4172,7,5,"Norm",1965,375000
2,3,2369,7,7,"Norm",1925,178000
3,3,2148,7,5,"Norm",2004,188500
3,4,3198,7,7,"Norm",1980,260000
3,3,3047,8,5,"Norm",2006,270000
3,4,3993,7,5,"Norm",1993,260000
2,3,2844,7,5,"Norm",1980,187500
3,4,3604,8,5,"Norm",2004,354000
3,4,4232,7,5,"Norm",1986,301000
1,3,2325,3,8,"Norm",1955,126175
3,5,3688,7,7,"PosN",1967,242000
1,2,1523,5,6,"RRAe",1941,87000
2,1,3438,8,5,"Norm",1993,324000
2,3,2766,6,5,"Norm",1960,145250
2,5,2978,6,6,"PosN",1916,214500
1,3,1788,5,5,"Norm",1920,78000
2,6,3456,5,4,"Norm",1964,119000
1,3,2112,5,6,"Norm",1958,139000
2,3,4835,8,5,"Norm",2003,284000
2,2,2716,7,5,"Norm",2004,207000
3,3,2581,6,5,"Norm",1998,192000
2,3,3285,5,6,"Norm",1965,228950
2,3,3844,9,5,"Norm",2005,377426
2,3,3072,7,5,"Norm",2002,214000
2,3,2829,7,7,"Norm",1984,202500
1,3,2430,6,7,"Feedr",1958,155000
3,4,2875,8,5,"Norm",2002,202900
1,2,1562,4,4,"Feedr",1950,82000
2,2,1040,3,4,"Norm",1949,87500
2,2,3368,9,5,"Norm",2005,266000
2,3,1648,5,3,"Norm",1976,85000
1,3,2549,6,5,"RRAn",1939,140200
1,2,1916,6,8,"Norm",1960,151500
2,3,2956,6,5,"Norm",1960,157500
3,2,2390,7,5,"Norm",2003,154000
1,3,1727,5,6,"Artery",1941,95000
1,2,1344,6,8,"Norm",1928,105900
1,2,2535,6,5,"Norm",1940,140000
2,3,2400,6,5,"Norm",1995,177500
2,3,2325,6,6,"Norm",1992,173000
2,3,2284,5,5,"Norm",1976,134000
3,3,3010,8,5,"Norm",1998,280000
1,2,1800,6,6,"Norm",1978,156000
1,3,2388,5,5,"Norm",1940,145000
3,4,1922,7,5,"Norm",2003,198500
2,2,1470,6,8,"Norm",1972,118000
3,3,2370,6,5,"Norm",1976,190000
1,3,2016,5,7,"Norm",1920,147000
2,3,2788,6,5,"Norm",1963,159000
1,3,2530,6,5,"Norm",1962,165000
1,2,2536,5,6,"Norm",1954,132000
1,3,2350,5,7,"Norm",1959,162000
3,3,2617,6,5,"Norm",2000,172400
2,4,1588,4,4,"Feedr",1959,134432
1,2,1496,6,5,"Norm",1984,125000
1,3,1927,5,6,"Norm",1953,123000
3,4,2775,7,5,"Norm",2003,219500
1,1,1587,1,1,"Norm",1922,61000
1,2,1784,5,5,"Norm",1996,148000
3,4,4046,8,5,"Norm",2004,340000
3,3,2782,6,5,"RRAn",2000,179000
2,3,2717,5,6,"Norm",1924,127000
3,3,2736,7,5,"Norm",2006,213500
1,2,1568,6,3,"Norm",1928,76000
3,3,3533,6,5,"Feedr",1992,240000
2,2,2525,8,5,"Norm",2004,192000
2,3,2947,7,5,"Norm",1999,191000
1,4,2228,5,8,"Norm",1900,119000
3,3,2765,6,5,"Norm",2001,215000
1,3,882,5,7,"Norm",1959,106500
1,2,1769,5,6,"Norm",1940,109000
1,3,2288,5,6,"Norm",1956,129000
1,2,1788,5,5,"Norm",1972,123000
2,4,2676,5,5,"PosN",1962,169500
2,2,2642,7,5,"Norm",2006,241000
2,1,2548,8,5,"Norm",1996,245500
1,2,1344,5,8,"Norm",1940,108000
3,3,2378,6,5,"Norm",1995,168000
2,3,2901,4,4,"Feedr",1976,150000
1,3,2703,6,5,"Norm",1936,115000
2,4,2520,6,7,"Norm",1915,177000
1,3,2112,5,5,"Norm",1955,145000
1,2,2036,5,6,"Artery",1927,115000
3,3,3177,7,5,"Norm",1993,228000
2,3,2072,6,7,"Norm",1978,149500
3,4,3994,6,6,"Feedr",1918,239000
1,3,2112,5,6,"Norm",1968,142000
2,3,3204,6,7,"Norm",1977,215000
1,2,1976,5,5,"Artery",1954,113000
3,4,4100,8,5,"Norm",1998,315000
1,2,2392,6,5,"Norm",1956,139000
2,3,2040,7,8,"Norm",1946,135000
2,2,3162,7,5,"Norm",1989,275000
1,3,1814,4,6,"Norm",1957,109008
2,3,2804,6,5,"Norm",1988,175000
2,2,2130,5,5,"Norm",1971,122500
3,3,2530,6,5,"Norm",1997,181000
1,1,1260,4,7,"Norm",1972,81000
3,3,2460,7,6,"PosN",1996,212000
1,2,1766,6,8,"Norm",1920,116000
1,2,1788,6,7,"Norm",1926,119000
1,2,1134,5,6,"Norm",1913,90350
1,3,1880,6,8,"Norm",1920,110000
2,2,5496,10,5,"Norm",2008,555000
2,4,2880,4,4,"Norm",1955,118000
2,3,2651,5,7,"Norm",1930,162900
3,4,2823,7,5,"Norm",1994,210000
1,3,3125,6,5,"Norm",1956,127500
3,2,3405,6,6,"PosA",1966,190000
3,4,2816,7,5,"Norm",1998,199900
2,3,2156,6,6,"Norm",1937,119500
2,2,1832,3,7,"Norm",1948,120000
1,2,1626,6,8,"Norm",1930,110000
2,2,3066,7,5,"Norm",1975,280000
3,3,2628,6,5,"Norm",1996,204000
3,3,2358,8,5,"Norm",2008,210000
2,3,2484,7,6,"Norm",1973,175500
1,2,3027,4,6,"Norm",1954,256000
1,3,2254,8,7,"Norm",1925,161000
1,3,1912,5,4,"Norm",1950,110000
1,3,1695,7,9,"Feedr",1936,155000
1,3,1728,5,5,"Norm",1965,62383
2,3,2375,6,7,"Norm",1934,188700
2,3,2080,5,5,"Norm",1978,124000
2,2,2789,7,5,"Norm",2004,178740
1,2,2554,7,5,"Norm",1970,167000
2,3,2372,5,7,"Artery",1942,146500
2,3,3260,8,5,"Norm",2006,250000
3,3,2542,6,5,"RRNe",1993,187000
2,1,2990,8,5,"Norm",1985,212000
3,3,2777,7,6,"PosA",1977,190000
1,2,1619,6,5,"Norm",2005,148000
2,2,3146,8,5,"Norm",2000,251000
1,2,1940,5,6,"Norm",1963,132500
2,3,2971,6,5,"Norm",1997,208900
3,3,4796,9,5,"Norm",2006,380000
2,3,3423,8,5,"Norm",2007,297000
2,3,3683,9,5,"Norm",2004,326000
2,2,3584,9,5,"Norm",2003,374000
2,4,2736,7,8,"Norm",1915,155000
2,2,2432,6,5,"Norm",1998,164000
1,3,1998,5,7,"Norm",1962,132500
1,3,2226,5,7,"Norm",1950,147000
2,3,2146,5,7,"Norm",1965,156000
2,3,2968,5,6,"Norm",1971,175000
2,3,3368,5,4,"Norm",1900,160000
1,1,1260,4,8,"Norm",1970,86000
2,3,1568,5,6,"Norm",1976,115000
1,3,2384,6,7,"Artery",1941,133000
2,3,2538,5,6,"Norm",1960,155000
1,2,1076,5,8,"Artery",1938,91300
3,4,6428,8,5,"Norm",1992,430000
2,4,2846,7,6,"Norm",1925,184000
1,3,1763,5,7,"Norm",1967,130000
1,2,1824,5,7,"Norm",1958,120000
2,3,1890,6,5,"Norm",1973,113000
3,3,2634,7,5,"Norm",2005,226700
1,2,2428,5,7,"Feedr",1965,140000
2,1,3302,7,8,"Norm",1959,289000
3,3,2177,6,5,"Norm",1974,147000
2,4,2920,5,5,"Artery",1952,124500
3,3,2688,8,5,"Norm",1993,215000
2,3,2067,7,9,"Norm",1928,161000
1,3,2082,5,6,"Norm",1959,124500
1,2,2371,5,7,"Norm",1951,164900
1,3,1728,5,5,"Feedr",1958,129900
2,3,2164,6,5,"Norm",1983,134000
1,2,1557,5,5,"Norm",1926,96500
3,3,3608,7,5,"Norm",1996,265000
3,3,2590,6,5,"Norm",1998,211000
2,3,3356,7,9,"Norm",1926,234000
2,3,1294,4,7,"Norm",1900,106250
2,3,2488,6,6,"Feedr",1957,150000
2,3,2668,6,7,"Feedr",1947,159000
3,3,3777,7,5,"Norm",1996,315750
2,3,2523,7,5,"Norm",2005,176000
1,2,1856,5,7,"Norm",1956,132000
1,2,1133,4,7,"Norm",1920,86000
2,3,1973,6,8,"RRNn",1920,128000
1,2,827,5,7,"Norm",1955,107500
1,1,334,1,3,"Norm",1946,39300
3,3,2121,8,5,"Norm",2004,178000
1,3,2464,5,7,"Norm",1910,107500
3,3,2604,7,5,"Norm",1998,188000
1,3,1728,4,5,"Norm",1972,111250
2,3,2210,5,5,"Norm",1968,158000
2,3,3182,8,5,"Norm",2001,272000
2,2,3676,9,5,"Norm",2006,315000
3,4,3254,8,5,"Norm",2000,248000
2,3,3330,7,5,"RRAn",1998,213250
1,1,1490,7,5,"Norm",1998,133000
3,4,3387,7,5,"Norm",1988,229000
2,3,2700,6,7,"Norm",1923,210000
1,2,1536,5,7,"Norm",1970,129500
1,2,1650,5,7,"Feedr",1955,125000
3,4,3006,7,5,"Norm",2003,263000
1,3,1856,5,6,"Norm",1957,112500
2,3,3426,8,5,"Norm",2006,255500
2,2,1126,4,5,"Feedr",1949,108000
3,3,3044,7,5,"Norm",2003,284000
1,2,2041,5,6,"Norm",1922,113000
1,2,2184,5,5,"Norm",1957,141000
2,3,1973,4,6,"Norm",1920,108000
3,3,2175,7,5,"Norm",1996,175000
2,2,2931,7,5,"Norm",2003,234000
2,3,2784,5,6,"Norm",1957,121500
1,2,2778,5,5,"Norm",1974,170000
1,3,1992,5,6,"Norm",1940,108000
2,4,2837,6,7,"Norm",1918,185000
3,4,3390,7,5,"Norm",1992,268000
2,4,2453,6,4,"Norm",1915,128000
3,4,3626,9,5,"Norm",2005,325000
2,3,3052,7,5,"Norm",2004,214000
2,1,3628,8,8,"Norm",1983,316600
1,2,1886,5,5,"Norm",1979,135960
2,6,3456,5,5,"Norm",1965,142600
3,3,1814,7,5,"Norm",2000,170000
1,3,1481,5,7,"Norm",1971,139000
2,3,2338,7,7,"Norm",1928,145000
2,4,2845,5,5,"Norm",1954,131500
1,3,2573,6,6,"Norm",1960,181900
1,3,1632,6,5,"Norm",1990,118500
4,3,4012,10,9,"Artery",1893,325000
1,3,2457,4,7,"Norm",1935,133000
1,2,1654,6,7,"RRAn",1918,130000
1,2,1700,5,6,"Norm",1982,137000
1,2,1677,5,6,"RRAn",1930,79500
3,3,2352,7,5,"Norm",2004,185900
3,3,4018,10,5,"Norm",2008,451950
1,2,1632,5,8,"Norm",1982,138000
1,1,1696,6,5,"Norm",2003,140000
1,3,1848,5,6,"Norm",1975,110000
1,3,2052,6,7,"Norm",1910,114504
2,3,3077,5,6,"Norm",1977,217500
3,3,2272,6,6,"Norm",1980,151000
3,3,2962,8,5,"Norm",2005,275000
2,3,2155,6,6,"Norm",1937,141000
3,2,1800,7,5,"Norm",2004,151000
2,3,2988,7,5,"Norm",2002,221000
3,3,2754,7,6,"Norm",1965,205000
1,3,2080,5,5,"Norm",1996,152000
3,3,2904,5,8,"Norm",1948,225000
1,3,2058,4,5,"Feedr",1961,118500
3,3,3593,9,5,"PosN",2000,313000
2,3,2064,6,6,"Norm",1978,148000
3,3,3171,8,5,"Norm",2001,261500
1,1,1260,4,6,"Norm",1972,75500
3,3,2292,6,5,"Norm",2002,183200
1,2,1664,6,6,"Artery",1954,105500
3,4,3744,8,5,"Norm",2003,305000
1,2,1728,3,3,"Norm",1914,67000
3,4,4136,6,7,"Norm",1974,240000
1,3,1960,5,6,"Norm",1977,135000
3,2,2268,6,5,"Norm",2000,168500
3,4,2522,6,5,"Norm",1972,165150
2,3,2232,6,6,"Norm",1962,160000
1,3,2400,5,5,"Norm",1960,139900
1,3,2676,6,6,"Norm",1955,153000
2,3,2598,6,5,"Feedr",1964,168500
2,2,3108,8,5,"Norm",2006,209500
1,3,2112,5,7,"Norm",1954,139400
0,0,2112,6,5,"Norm",1980,144000
1,1,1064,2,3,"Norm",1936,60000
2,3,2198,5,4,"Norm",1954,93000
1,2,1592,5,7,"Feedr",1910,85000
2,1,3036,8,5,"Norm",2003,274000
3,3,2986,7,5,"Norm",2001,226000
3,4,4656,8,7,"Norm",1972,345000
3,4,2400,5,5,"RRAn",1969,152000
2,3,1962,6,5,"Norm",1971,143250
1,3,1048,5,5,"Norm",1950,98300
1,3,2188,6,5,"Norm",1953,155000
2,4,2595,6,5,"PosN",1966,155000
1,1,1260,4,6,"Norm",1970,84500
3,3,2478,7,6,"Norm",2007,205950
1,4,2265,4,5,"Artery",1940,108000
3,2,2596,7,5,"Norm",1996,191000
1,3,2225,6,7,"Norm",1906,135000
3,2,4222,8,6,"Norm",1995,350000
2,3,2106,5,7,"Norm",1959,145500
2,3,2278,7,6,"Norm",1931,149000
1,3,2972,5,7,"Norm",1964,167000
3,3,2728,7,7,"Norm",1976,197900
3,4,4077,8,7,"Norm",1994,402000
1,2,2784,6,3,"Norm",1968,110000
2,3,2319,4,5,"Norm",1972,137500
3,3,3342,8,5,"Norm",2000,230500
2,3,3087,6,5,"Norm",1994,193500
2,3,2625,5,6,"Norm",1956,168000
1,2,1880,4,5,"Norm",1922,137500
3,3,2214,6,5,"Norm",2005,173500
2,3,2041,6,6,"Artery",1925,103600
2,3,2416,6,6,"Norm",1977,165000
2,3,3316,6,7,"Norm",1957,257500
1,3,2272,6,6,"Norm",1965,140000
3,3,2296,6,6,"Norm",1978,148500
2,4,2869,4,2,"Norm",1900,87000
1,2,1560,5,8,"Norm",1924,109500
1,3,1976,5,5,"Norm",1961,128500
2,2,1846,6,5,"Norm",1980,143000
1,2,2582,6,5,"Norm",1996,173000
2,3,3294,9,5,"Norm",2002,285000
3,4,3034,7,5,"Norm",1998,221000
2,3,3280,7,5,"Norm",1984,207500
3,2,1653,7,5,"Norm",2004,148800
2,2,2724,6,5,"Norm",2005,194700
1,1,1696,6,5,"Norm",2004,141000
4,4,6760,10,6,"Norm",1994,755000
3,4,3729,7,5,"Norm",1989,335000
2,3,2466,5,6,"Norm",1936,141500
2,2,2249,6,6,"Norm",1987,176000
1,2,1232,5,7,"Norm",1921,89000
1,2,2128,5,7,"Norm",1952,123500
1,3,1788,5,8,"RRAe",1965,138500
2,2,2782,7,5,"Norm",2004,196000
2,3,3600,8,5,"Norm",2002,312500
2,3,2328,7,5,"Norm",1969,140000
2,4,2172,5,9,"Feedr",1900,140000
2,3,2957,7,5,"Norm",2004,213000
2,3,1092,4,5,"Norm",1930,55000
2,2,3467,7,5,"Norm",1971,302000
2,2,2648,8,5,"Norm",2006,254000
1,2,999,3,6,"Norm",1935,52000
2,2,2456,8,5,"Norm",1988,189000
1,3,1920,4,5,"RRAn",1970,129000
3,3,2204,6,8,"RRAe",1976,130500
2,3,2414,6,5,"Norm",1974,165000
2,3,3272,7,8,"Norm",1890,159500
2,3,2354,5,6,"Norm",1973,157000
3,3,3729,7,5,"Norm",1993,341000
2,3,1942,5,6,"Norm",1969,128500
2,2,3484,8,5,"Norm",1985,275000
1,1,1696,6,5,"Norm",2004,143000
1,3,1728,4,7,"Norm",1970,124500
2,4,2411,4,6,"Norm",1954,135000
2,3,3396,9,5,"Norm",2007,320000
1,3,1728,4,6,"Norm",1970,120500
2,3,2560,6,9,"Norm",1988,222000
2,2,2464,7,5,"Norm",2007,194500
1,2,1988,4,5,"Norm",1925,103000
2,2,3211,8,5,"Norm",1995,236500
2,3,2014,7,5,"Norm",2003,187500
3,3,3184,7,5,"Norm",1998,222500
1,3,2008,5,6,"Feedr",1961,131400
2,2,2648,7,7,"Norm",1914,163000
2,2,1040,3,4,"Norm",1950,93500
3,3,2694,8,5,"Norm",2005,239900
3,3,2592,7,5,"Norm",2004,190000
1,3,1824,6,8,"Feedr",1961,142000
2,3,2698,7,5,"Norm",2000,179000
2,3,1984,5,6,"Norm",1963,175000
2,2,2674,8,5,"Norm",1993,180000
4,4,3857,8,9,"Norm",1976,299800
3,4,3208,7,5,"Norm",2000,236000
2,4,3880,7,7,"Norm",1880,265979
2,3,3440,7,5,"Norm",1996,260400
2,4,1529,4,3,"Norm",1945,98000
1,3,1716,4,7,"Norm",1910,96500
3,3,1980,7,5,"RRAn",2003,162000
2,3,2973,6,5,"Norm",1997,217000
3,3,3128,8,5,"Norm",2005,275500
1,3,2052,6,8,"Norm",1969,156000
3,3,2200,6,5,"Norm",1999,172500
3,3,2634,8,5,"Norm",2007,212000
3,3,2245,7,5,"Norm",1999,179400
3,4,3849,8,5,"Norm",1995,290000
1,2,1728,6,6,"Norm",1959,127500
1,2,2446,5,5,"Feedr",1924,100000
3,3,2303,7,5,"Norm",2009,215200
3,3,3617,8,5,"Norm",1999,337000
2,2,2988,8,5,"Norm",1995,270000
3,3,2694,7,5,"Norm",1988,196500
2,4,2733,6,7,"Norm",1940,160000
2,3,3696,7,5,"Norm",2004,216837
4,4,4929,8,5,"Norm",2003,538000
1,2,1716,5,5,"Norm",1982,134900
1,2,2056,4,5,"Norm",1951,102000
1,2,1824,5,5,"Feedr",1958,114500
2,2,2408,6,5,"Norm",1998,162000
1,3,1758,5,5,"Norm",1974,142500
2,4,2020,5,5,"Feedr",1977,144000
1,2,1979,6,5,"Norm",1977,135000
2,3,2490,7,5,"Norm",1995,176000
3,3,2364,6,5,"Norm",1992,175900
2,3,2843,7,5,"Norm",2001,187100
1,1,2207,5,6,"Norm",1978,165500
2,3,2226,6,6,"Norm",1914,128000
2,3,2714,6,5,"Feedr",1967,161500
2,4,2338,5,6,"Artery",1915,139000
3,4,3040,7,5,"Norm",2004,233000
1,2,1802,4,7,"Norm",1954,107900
3,5,2919,6,8,"Norm",1966,187500
2,2,2290,7,5,"Norm",2005,160200
1,3,2091,6,5,"Norm",1976,146800
3,3,3130,7,5,"Norm",1996,269790
3,3,2607,7,5,"Norm",1994,194500
3,3,2214,6,6,"Norm",1980,171000
2,3,1945,6,5,"Norm",1977,143500
2,3,2499,5,7,"Feedr",1937,175000
3,4,2304,6,5,"Feedr",1997,200000
1,2,2392,4,7,"Norm",1916,109900
3,3,2184,7,5,"Norm",2005,189000
2,3,1960,5,5,"Norm",1967,135500
2,3,2900,5,6,"Norm",1923,223500
1,3,2110,5,5,"Norm",1966,159950
2,2,2987,5,5,"Norm",1898,106000
2,3,2349,6,6,"Norm",1974,181000
1,1,1696,6,5,"Norm",2004,144500
2,4,2884,6,6,"Norm",1958,157900
2,3,1936,5,7,"Norm",1918,116000
2,3,3310,7,5,"Norm",1998,224900
1,2,2016,5,6,"Norm",1954,137000
2,3,3257,8,5,"Norm",2002,271000
1,3,2062,6,7,"Norm",1971,155000
3,3,2438,7,5,"Norm",2003,183000
1,2,1872,4,4,"Norm",1953,93000
2,3,2267,6,7,"Norm",1940,139500
1,2,1568,5,6,"Norm",1924,109500
2,3,2888,7,5,"Norm",2001,189000
3,2,1823,7,5,"Norm",2005,147400
2,3,2784,6,5,"Norm",1957,166000
3,2,1800,7,5,"Norm",2005,151000
3,3,2770,7,6,"Norm",2003,237000
2,3,3032,6,6,"Norm",1964,167000
1,3,2288,5,6,"Norm",1961,139950
2,2,2134,4,7,"Norm",1950,128000
1,2,3118,5,6,"Norm",1948,153500
2,2,1470,6,5,"Norm",1973,100000
2,3,2198,5,6,"Norm",1995,144000
1,3,1968,5,6,"Norm",1946,130500
2,4,2154,6,8,"Norm",1925,140000
2,3,2189,5,8,"Norm",1904,157500
2,3,2292,6,7,"Norm",1966,174900
2,6,3600,5,4,"Artery",1961,141000
2,4,2292,5,8,"Artery",1915,153900
2,3,3091,5,5,"RRAe",1975,171000
3,3,2515,7,5,"Norm",1993,213000
1,3,1728,5,6,"Norm",1972,133500
3,5,3265,6,8,"Norm",1908,240000
3,3,2383,6,7,"Feedr",1976,187000
1,1,1696,6,5,"Norm",2003,131500
2,2,2729,8,5,"Norm",2003,215000
2,4,2564,7,5,"Norm",1941,164000
2,3,2572,6,6,"Norm",1964,158000
2,3,2080,5,8,"Norm",1962,127000
1,3,1966,6,6,"Norm",1978,147000
3,3,2183,6,5,"Norm",1994,174000
3,4,3708,6,7,"PosA",1968,250000
2,3,2338,7,8,"Norm",1918,189950
2,3,2078,5,4,"Norm",1965,131500
2,3,2137,6,5,"Norm",1984,152000
1,3,2296,5,5,"Norm",1959,132500
1,3,2004,5,6,"Norm",1970,148500
2,3,2160,4,5,"Feedr",1961,129000
2,2,2320,5,6,"Feedr",1948,169000
3,3,2999,7,5,"Norm",1993,236000
1,2,1788,5,5,"PosN",1962,109500
3,3,2486,6,5,"Norm",1998,200500
1,3,1015,5,7,"Norm",1953,116000
1,3,2100,5,7,"Norm",1949,133000
1,3,2104,4,5,"Norm",1963,132250
3,4,3686,9,5,"Norm",2004,350000
1,3,2264,5,7,"Norm",1961,148000
1,3,1728,5,8,"Norm",1978,136500
2,2,2180,5,5,"Norm",2005,157000
3,3,2873,7,5,"Norm",1990,187500
3,3,2401,6,5,"Norm",1992,178000
1,5,3025,4,5,"Norm",1912,118500
1,3,1784,5,5,"Norm",1967,100000
2,3,2209,5,7,"Norm",1955,135500
2,4,4434,8,6,"Norm",1970,268000
1,2,3010,6,4,"Feedr",1953,149500
1,3,1596,5,7,"Artery",1949,122900
3,3,2601,6,5,"Norm",1978,172500
1,3,2127,6,8,"Norm",1963,154500
1,3,2766,5,5,"PosN",1954,165000
2,4,2576,6,5,"Norm",1963,140000
1,3,2148,5,7,"Feedr",1961,135000
1,2,1716,4,6,"Norm",1971,110000
1,2,2298,5,7,"Norm",1957,153000
3,3,2292,7,5,"Norm",2003,180000
1,3,1778,5,6,"Norm",1967,125500
1,3,2119,5,5,"Norm",1954,128000
2,3,3259,8,5,"Norm",2006,255000
2,3,3074,7,7,"Norm",1936,250000
1,2,1766,5,5,"Norm",1983,131000
3,3,2226,6,5,"Norm",2005,174000
2,5,3379,5,5,"Feedr",1960,154300
2,3,2536,5,7,"Norm",1977,143500
2,4,3003,5,6,"Norm",1949,145000
2,3,1638,4,5,"Norm",1970,75000
1,3,2363,4,6,"Norm",1956,135000
3,4,3231,7,5,"Norm",1991,238000
1,3,2598,6,8,"Norm",1958,176500
3,3,2649,6,5,"Norm",1994,201000
4,4,3472,5,7,"Feedr",1900,145900
2,2,3221,6,5,"Norm",1993,193000
2,3,3372,6,6,"Norm",1980,207500
3,4,3555,8,5,"Norm",2003,285000
3,4,2810,7,5,"Feedr",1968,176000
2,3,3541,8,5,"Norm",2001,236500
3,4,3200,7,5,"Norm",1997,222000
2,3,2932,8,5,"Norm",2007,201000
1,2,1850,5,6,"Norm",1965,117500
2,3,3810,9,5,"RRNn",2006,320000
2,3,3000,7,5,"Norm",2004,190000
2,4,2654,7,7,"PosA",1960,242000
1,1,1347,4,5,"Norm",1926,79900
2,2,2376,7,5,"Norm",2003,184900
3,3,3084,7,5,"Norm",2005,253000
2,4,3435,7,7,"Norm",1940,244400
2,4,3456,6,5,"Norm",1976,150900
3,3,3052,7,5,"RRNn",1999,214000
2,4,3264,5,4,"Norm",1967,143000
1,2,2957,5,6,"Norm",1890,124900
1,3,2288,5,6,"Norm",1959,143000
2,3,3245,8,5,"Norm",2002,270000
3,3,2712,7,5,"Norm",2002,192500
2,3,2542,6,7,"Norm",1972,197500
1,3,1728,5,8,"Norm",1950,129000
1,2,1536,5,8,"Norm",1972,133900
3,4,2752,5,4,"Norm",1969,172000
2,4,2937,6,6,"Norm",1946,145000
2,2,1790,6,6,"Norm",1980,124000
1,3,2114,5,5,"Norm",1962,132000
2,3,2674,7,5,"Norm",2003,185000
3,3,2112,7,5,"Norm",1999,155000
1,2,1716,5,7,"Norm",1958,116500
3,4,4202,6,7,"PosN",1977,272000
3,3,2352,6,6,"Norm",1976,155000
2,2,3600,9,5,"Norm",2007,239000
3,4,2711,7,5,"Norm",2002,214900
2,2,2036,5,7,"Norm",1940,160000
1,3,2196,5,7,"Norm",1955,135000
1,2,1683,6,5,"Norm",1958,140000
2,2,2390,7,5,"Norm",2003,173000
2,2,1836,6,5,"Norm",1979,99500
1,3,2747,7,8,"RRAn",1910,167500
3,3,2055,7,5,"Norm",2000,165000
1,2,1309,4,7,"Norm",1923,85500
1,3,2242,5,6,"Feedr",1963,139000
1,3,1943,7,9,"Norm",1961,178400
3,4,3837,8,5,"Norm",1998,336000
2,2,2532,7,5,"Norm",2007,159895
3,4,3418,8,5,"Norm",2002,255900
2,4,1734,5,5,"Norm",1977,126000
1,3,2328,5,5,"Norm",1950,125000
1,2,2120,6,8,"Feedr",1910,117000
3,4,2878,6,6,"Norm",1976,195000
3,3,3788,8,5,"Norm",1997,348000
2,4,2658,8,9,"Artery",1882,168000
3,3,2673,6,8,"Norm",1964,187000
2,3,3418,10,5,"Norm",2006,337500
1,3,2100,5,6,"Norm",1961,136500
2,2,2884,6,6,"PosA",1970,185000
1,3,2084,3,4,"Norm",1922,91000
2,2,2395,7,5,"Norm",2006,206000
1,2,944,3,3,"Norm",1952,82000
2,3,3148,8,5,"RRAn",2006,232000
2,4,3360,5,6,"Feedr",1976,136905
2,1,2850,7,5,"Norm",2005,181000
2,3,1970,5,8,"Norm",1977,149900
2,3,3314,6,3,"PosN",1970,163500
2,3,1638,4,4,"Norm",1970,88000
2,3,3420,7,5,"Norm",2004,240000
2,4,2530,5,5,"Norm",1926,102000
2,4,1991,5,5,"Norm",1948,135000
2,4,1664,5,5,"Norm",1965,100000
2,3,2104,6,7,"Norm",1923,165000
1,2,2044,5,4,"Norm",1910,85000
1,2,2164,6,5,"Artery",1948,119200
3,3,2475,8,6,"Norm",2001,227000
2,3,3008,7,5,"Norm",1996,203000
3,3,1856,7,5,"Norm",1991,160000
2,2,2868,7,5,"Norm",2005,213490
2,2,2264,4,5,"Norm",2005,176000
1,2,2160,5,5,"Norm",1930,87000
2,2,2850,7,5,"Norm",2005,191000
1,3,1764,5,5,"Norm",1972,112500
1,3,2532,5,5,"Feedr",1960,167500
1,3,2144,5,5,"Artery",1941,105000
2,3,1890,6,7,"Norm",1972,118000
2,5,2614,5,8,"Norm",1916,160000
3,5,3906,7,3,"Norm",1920,197000
2,3,3308,7,5,"Norm",2002,230000
1,2,1874,5,7,"Norm",1938,119750
1,3,845,4,3,"Norm",1957,84000
2,2,3240,9,5,"Norm",2007,315500
3,3,3318,8,5,"Norm",2001,287000
2,3,1890,4,6,"Norm",1970,97000
1,1,1260,4,4,"Norm",1970,80000
2,3,2937,5,4,"Norm",1957,155000
2,4,2432,6,8,"Feedr",1966,173000
2,1,2612,6,5,"Norm",2005,196000
3,4,3804,7,5,"Norm",1990,262280
3,4,5048,8,5,"PosN",1981,278000
2,4,1733,3,5,"Norm",1955,139600
1,3,1980,5,5,"Norm",1994,145000
1,3,1771,5,4,"Norm",1960,115000
2,4,2793,6,6,"Artery",1964,165000
1,4,2742,5,6,"Norm",1957,144500
3,3,3054,8,5,"Norm",2002,255000
2,2,2728,7,5,"Norm",2005,185850
3,3,2823,7,6,"Norm",1994,248000
3,3,3288,9,5,"Norm",2008,335000
2,3,2845,6,7,"Norm",1932,220000
2,2,2676,8,5,"Norm",2001,213500
1,2,1788,3,4,"Norm",1935,81000
2,5,2999,5,5,"Norm",1900,90000
1,2,2206,6,6,"Artery",1925,110500
2,3,2308,5,6,"Norm",1966,154000
3,3,3566,7,5,"Norm",1996,328000
3,3,2370,6,7,"Norm",1993,178000
2,4,2391,6,6,"Norm",1964,167900
3,5,3463,6,4,"Norm",1973,151400
1,2,1738,5,7,"Norm",1949,135000
1,3,2096,5,5,"Norm",1956,135000
2,4,2283,6,6,"RRAn",1968,154000
1,4,2266,5,3,"Artery",1948,91500
2,3,2116,6,6,"Norm",1977,159500
2,2,2480,7,5,"Norm",2006,194000
2,3,2540,7,6,"Norm",1940,219500
2,3,2262,5,8,"Norm",1936,170000
1,1,1696,6,5,"Norm",2004,155900
1,3,1980,5,5,"Norm",1994,126000
2,3,2080,5,5,"Feedr",1963,133000
2,3,2918,7,5,"Norm",2002,192000
1,3,2502,6,6,"Norm",1964,160000
3,3,2189,6,5,"Norm",1995,187500
1,2,1932,6,6,"Norm",1992,147000
2,3,1638,4,5,"Norm",1973,83500
3,3,3035,8,5,"Norm",2005,252000
2,3,2679,7,5,"Norm",2004,137500
2,1,2494,8,5,"Norm",2005,197000
2,2,1040,3,4,"Norm",1950,92900
3,2,1852,7,5,"Norm",1999,160000
2,4,2875,6,5,"Norm",1925,136500
2,1,2064,5,8,"Feedr",1965,146000
1,2,1872,5,7,"Norm",1956,129000
2,3,2628,6,5,"Norm",2006,176432
2,3,2039,6,7,"Norm",1914,127000
2,2,2162,8,5,"Norm",1986,170000
1,3,1996,4,6,"Norm",1936,128000
1,1,728,2,5,"Norm",1920,60000
1,3,1900,5,5,"Norm",1971,119500
1,3,1849,6,6,"Norm",1959,159500
3,3,1932,5,5,"Norm",1970,106000
3,3,4085,8,5,"Norm",1994,325000
2,3,2352,7,5,"Feedr",1990,179900
2,3,3672,8,5,"Norm",2004,280000
3,3,2431,6,5,"Norm",1995,188000
3,4,2767,7,6,"Norm",1976,205000
1,2,1632,5,7,"Norm",1957,129900
1,2,2016,5,7,"Norm",1953,134500
1,2,1666,5,7,"Norm",1954,117000
3,3,1827,8,5,"Norm",2002,184100
1,3,1788,5,7,"Feedr",1967,130000
1,3,2134,5,6,"Norm",1958,140000
1,3,2080,5,5,"Norm",1959,133700
1,2,2024,6,5,"Norm",1920,118400
1,2,1396,5,9,"Norm",1947,118000
3,3,1866,7,5,"Norm",1992,163900
1,2,2010,4,5,"Norm",1955,115000
2,2,2928,7,5,"Norm",2007,174000
3,4,2806,7,5,"Norm",2004,215000
1,2,1872,5,5,"Norm",1980,140000
2,4,3103,4,3,"Norm",1928,135000
2,5,3218,6,4,"Norm",1880,117500
3,3,3148,8,5,"Norm",1995,239500
3,3,2516,6,5,"Norm",1997,169000
1,2,1946,6,5,"Norm",1926,102000
1,2,1800,5,8,"Feedr",1875,94000
2,2,3134,6,5,"Norm",1977,196000
1,3,2082,5,5,"Norm",1920,144000
3,4,2648,5,7,"PosN",1976,197500
1,3,2012,5,3,"Norm",1959,80000
1,2,1596,4,4,"Norm",1941,80000
2,3,2596,6,5,"Norm",1985,180000
2,3,2268,7,7,"Norm",1941,174500
1,2,1683,7,7,"Norm",1926,116900
1,3,2132,7,9,"Artery",1920,143000
1,2,1864,6,5,"Norm",1950,124000
2,3,2932,5,4,"Norm",1959,149900
1,2,1632,6,8,"Norm",1930,120500
3,4,2684,7,6,"Norm",1965,201800
2,3,2874,5,8,"Norm",1976,218000
2,3,2484,5,8,"Norm",1965,179900
2,2,2628,7,5,"Norm",2007,230000
3,4,2777,6,6,"Norm",1974,185000
3,3,2311,6,5,"Norm",1978,146000
1,3,2936,6,7,"PosN",1954,224000
1,3,1788,5,5,"Norm",1968,129000
2,2,2792,5,7,"Feedr",1978,194000
2,3,3388,8,5,"Norm",2008,245350
3,3,2630,6,5,"RRAn",2000,173000
2,4,3235,6,7,"Norm",1935,235000
4,4,5557,10,5,"Norm",1995,625000
1,3,2214,6,6,"Norm",1977,171000
1,3,2522,6,6,"Norm",1958,163000
3,2,1875,7,5,"Norm",2006,171900
3,3,4684,5,6,"Norm",1946,200500
3,4,3297,6,8,"Norm",1932,239000
3,4,4555,8,5,"Norm",1992,285000
1,3,1799,5,5,"Norm",1984,119500
1,3,2042,6,8,"Artery",1926,115000
2,3,2074,5,6,"Norm",1921,154900
1,3,1124,5,5,"Norm",1954,93000
3,4,3730,7,5,"Norm",1990,250000
1,2,2250,5,6,"Norm",1920,120000
2,3,3144,5,4,"Norm",1963,186700
1,4,2005,5,7,"Norm",1924,104900
2,2,3248,8,5,"Norm",1994,262000
3,3,2491,7,5,"Norm",2002,195000
3,3,2798,7,5,"Norm",1999,189000
1,3,2871,4,4,"Norm",1961,168000
3,2,2217,8,5,"Norm",1999,174000
1,3,2174,5,8,"Norm",1925,125000
2,2,2448,6,5,"Norm",1999,165000
2,4,2015,6,7,"Norm",1969,158000
3,3,2184,6,5,"Norm",2005,176000
1,3,2505,7,6,"Norm",1916,144000
2,3,2424,7,5,"Norm",2001,178000
2,3,2433,4,5,"Norm",1963,148000
3,3,2645,7,5,"Norm",1998,197900
1,3,2232,5,8,"Norm",1925,117000
2,3,3260,7,5,"Norm",2000,213000
2,3,2130,5,6,"Norm",1975,153500
2,3,4354,7,7,"Norm",1990,271900
1,2,2112,4,4,"Norm",1966,107000
2,3,3382,6,5,"Norm",2003,200000
1,3,2214,5,7,"Norm",1962,140000
3,3,2900,6,5,"Norm",1992,189000
2,4,2311,8,7,"Norm",1988,164000
1,2,1344,4,6,"Norm",1941,113000
0,0,1608,4,9,"Norm",1965,145000
1,3,1924,5,5,"Norm",1962,134500
1,3,1788,5,5,"Norm",1966,125000
2,4,1902,6,5,"RRAe",1978,112000
1,2,912,4,5,"Norm",1947,80500
1,3,2163,5,5,"Feedr",1968,134000
2,3,2886,6,6,"Artery",1949,143000
2,4,4272,5,3,"Norm",1951,137900
3,3,2278,7,5,"RRAn",2004,184000
1,3,1726,6,8,"Norm",1958,145000
3,4,2827,6,5,"Feedr",2007,214000
1,2,1824,5,8,"Norm",1965,147000
2,4,2582,5,5,"Norm",1960,127000
4,4,3981,5,5,"Feedr",1977,190000
1,3,2296,5,6,"Norm",1962,132500
2,2,1224,4,5,"Norm",1962,101800
2,4,2531,5,5,"Norm",1914,138887
3,2,2390,7,5,"Norm",2003,175500
3,4,2795,7,5,"Norm",2004,195000
2,2,2960,8,5,"Norm",2006,265900
3,3,2652,7,5,"Norm",2003,224900
1,3,2309,8,7,"Norm",1929,230000
1,3,2046,6,5,"Norm",1976,169900
2,3,2793,6,5,"Norm",1917,129500
1,3,1864,5,7,"Norm",1950,119000
3,3,4220,7,5,"Norm",1968,244000
2,2,2810,7,5,"Norm",2003,171750
1,3,1738,5,6,"Norm",1968,130000
3,3,3359,7,7,"Norm",1974,294000
3,3,2402,7,5,"Norm",2003,165400
1,3,2251,6,6,"Norm",1931,127500
2,2,3973,8,5,"Norm",1994,301500
1,2,1728,5,8,"Feedr",1922,99900
2,2,2022,7,5,"Norm",2005,190000
2,3,2108,6,8,"Norm",1969,151000
3,3,2516,6,5,"RRAn",1999,181000
1,2,2100,5,6,"Norm",1956,128900
1,5,2892,4,5,"Norm",1957,161500
1,3,2588,6,6,"Norm",1919,180500
3,3,2143,7,5,"Norm",1999,183900
2,4,2814,7,4,"Feedr",1910,122000
2,3,4020,9,5,"Norm",2008,378500
4,4,4175,8,9,"Norm",1935,381000
2,3,2398,5,5,"Feedr",1958,144000
1,0,2856,7,6,"Norm",1979,260000
2,3,2978,6,7,"PosN",1968,185750
1,3,1870,5,6,"Norm",1965,137000
1,2,2376,6,7,"Norm",1959,177000
2,3,1911,5,6,"Norm",1910,139000
2,4,2848,5,5,"Feedr",1948,137000
2,3,2118,6,6,"Norm",1972,162000
2,3,3404,6,5,"Norm",1967,197900
3,3,3159,8,5,"Norm",2002,237000
2,3,3146,7,5,"Norm",2002,227000
2,2,2648,7,5,"Norm",1990,180000
2,3,2080,5,7,"Norm",1977,150500
4,4,2736,6,5,"Norm",1971,139000
2,4,3251,6,7,"Feedr",1919,169000
1,4,2192,6,6,"Norm",1939,132500
2,3,2656,6,5,"Feedr",1963,143000
2,4,3206,5,5,"Norm",1964,190000
2,2,3160,8,5,"Norm",2000,278000
1,3,2304,5,7,"Norm",1964,180500
3,3,1932,5,7,"Norm",1972,119500
2,4,3366,5,4,"Norm",1892,107500
3,4,2496,7,5,"Norm",1976,162900
1,2,1728,5,7,"Norm",1955,115000
2,3,2104,5,5,"Feedr",1968,138500
2,3,2248,5,6,"Norm",1963,155000
2,3,2492,5,7,"Norm",1959,154000
3,3,2961,7,5,"Norm",1999,225000
1,3,2265,6,7,"Norm",1942,177500
3,4,3691,8,5,"Norm",1994,290000
2,3,3232,7,5,"Norm",2005,232000
2,3,2684,7,5,"Norm",2004,130000
2,2,3304,9,5,"Norm",2006,325000
1,3,1980,5,5,"Norm",1994,138000
1,2,2046,5,7,"Norm",1948,147000
2,3,2572,6,5,"Norm",1991,179200
2,3,3804,7,8,"PosA",1959,335000
3,4,4263,8,5,"Norm",1990,302000
3,4,3992,9,5,"Norm",1999,333168
1,3,1896,4,6,"Norm",1954,119000
3,4,3064,6,5,"Norm",1969,206900
2,3,3252,8,5,"Norm",2008,295493
2,3,3540,8,5,"Norm",2001,275000
1,3,1812,4,5,"Norm",1954,111000
2,3,2956,6,3,"Norm",1957,156500
1,2,720,3,6,"Feedr",1949,72500
3,3,2673,7,5,"Norm",1992,190000
1,2,1128,4,7,"Norm",1940,82500
1,2,1592,4,4,"Norm",1922,55000
1,3,1318,3,6,"Norm",1931,79000
1,3,1632,5,9,"Norm",1982,130500
2,5,4302,6,7,"Norm",1920,256000
3,3,2567,7,5,"Norm",1998,176500
2,3,3176,8,5,"Norm",2006,227000
1,3,1865,5,5,"Norm",1976,132500
1,2,1632,4,6,"Norm",1938,100000
2,2,2163,5,6,"Norm",1938,125500
2,3,2130,5,6,"Norm",1970,125000
2,2,2684,6,5,"Norm",1977,167900
2,4,3312,5,5,"Feedr",1973,135000
1,2,1386,4,4,"Feedr",1941,52500
3,3,2777,7,5,"Norm",2002,200000
1,3,1728,5,7,"Norm",1972,128500
1,3,1730,4,5,"Norm",1971,123000
1,3,2228,6,5,"RRAe",2003,155000
3,3,3453,8,5,"Norm",2002,228500
2,3,2809,6,6,"Norm",1928,177000
1,2,1920,4,4,"Norm",1920,108500
2,3,3724,7,7,"PosN",1968,262500
2,3,2976,7,5,"Norm",1998,215000
2,4,3042,8,5,"Norm",1872,122000
4,6,3882,5,5,"Artery",1969,200000
2,4,2574,6,6,"Norm",1962,171000
1,2,1874,6,9,"Norm",1937,134900
3,4,5271,8,5,"Norm",1995,410000
3,3,2857,7,5,"Norm",2000,235000
3,4,2490,7,6,"Norm",1968,170000
1,3,1756,5,5,"Norm",1966,110000
2,3,2156,5,6,"Norm",1971,149900
3,3,2329,6,5,"Norm",2000,177500
2,3,3960,9,5,"Norm",2004,315000
4,4,3213,5,6,"Feedr",1921,189000
2,3,3060,7,5,"Norm",2005,260000
2,4,2453,4,4,"Feedr",1920,104900
3,3,2488,7,5,"Norm",2000,216000
2,4,2232,5,6,"Norm",1977,127000
1,1,1696,6,5,"Norm",2003,144000
2,3,3325,8,5,"Norm",2003,232000
1,2,2214,4,6,"Artery",1920,105000
1,3,2653,6,6,"Norm",1955,165500
3,3,3205,7,6,"Norm",1998,274300
3,2,5266,10,5,"Norm",2001,466500
3,3,2984,7,5,"Norm",2005,250000
1,2,1558,6,5,"Norm",1930,91000
2,3,2588,5,5,"Norm",1941,117000
2,2,1470,6,5,"Norm",1973,83000
3,3,1778,5,5,"Norm",2006,167500
1,2,1728,3,3,"Norm",1914,58500
3,4,3322,6,7,"Norm",1970,237500
2,4,2358,7,7,"Norm",1920,157000
2,3,2232,5,7,"Norm",1918,112000
1,2,1818,6,5,"Norm",1939,105000
1,3,1950,4,8,"Norm",1922,125500
4,5,4176,7,5,"RRAn",1978,250000
2,3,3492,9,5,"Norm",2006,377500
1,3,1953,6,6,"Norm",1941,131000
2,3,3050,7,5,"Norm",2000,235000
2,4,3168,5,5,"Norm",1967,124000
1,3,1764,5,5,"Norm",1967,123000
2,3,2394,6,7,"Norm",1905,163000
3,4,3576,8,5,"Norm",2005,281213
1,3,2434,5,5,"Norm",1948,160000
2,4,2452,5,8,"Norm",1920,137500
2,3,3112,5,4,"Norm",1950,138000
3,3,2584,6,6,"Norm",1925,137450
1,3,2020,6,7,"Norm",1929,120000
3,3,2432,6,5,"Norm",2004,193000
2,3,2949,8,5,"RRAn",2007,282922
2,2,3240,8,5,"Norm",2004,275000
1,2,1536,5,7,"Norm",1972,133000
1,3,1666,5,5,"Norm",1985,112000
1,3,1985,4,7,"Norm",1910,125500
3,3,2884,7,6,"Norm",1986,215000
3,3,2784,7,5,"Norm",2001,230000
2,3,2524,6,8,"Norm",1950,140000
2,2,1040,4,5,"Norm",1949,90000
2,4,2681,6,7,"Norm",1923,207000
2,1,2955,7,5,"Norm",2007,175900
2,4,3067,4,6,"Norm",1885,122500
3,3,3734,8,5,"Norm",1998,340000
2,3,2288,5,5,"Norm",1963,124000
2,3,3688,6,5,"Norm",1969,223000
3,3,2124,6,6,"Norm",1968,179900
2,2,2138,6,5,"Norm",1977,127500
1,1,1696,6,5,"Norm",2003,136500
1,2,2368,5,5,"Norm",1958,144000
1,3,2504,6,6,"Norm",1959,142000
3,3,3350,7,5,"Norm",1994,271000
2,3,2471,5,6,"Artery",1945,140000
2,3,2880,6,7,"Norm",1981,182900
3,4,2570,5,5,"RRAn",2005,192140
2,2,1916,6,6,"Norm",1976,143750
2,4,1624,4,6,"Norm",1927,64500
3,3,2728,6,5,"Norm",2000,186500
2,3,2252,5,5,"Norm",1977,160000
1,3,1728,4,6,"Norm",1971,120500
1,2,2148,6,7,"Artery",1957,149700
3,3,2264,7,6,"Norm",1979,197000
2,3,3143,6,7,"Norm",1922,191000
1,1,1696,6,5,"Norm",2004,149300
3,3,3024,10,5,"Norm",2008,310000
1,2,1904,6,6,"Norm",1916,121000
2,3,2844,7,5,"Norm",2004,179600
1,3,1727,6,5,"Norm",1966,129000
1,3,2376,5,7,"Norm",1962,157900
3,3,3310,8,5,"Norm",1995,240000
2,2,1906,4,7,"Norm",1910,112000
4,4,2688,5,5,"Norm",1974,136000
1,2,1619,5,5,"Norm",2005,145000
2,2,2442,7,5,"Norm",2004,185000
3,3,2600,6,5,"Norm",1999,175000
2,3,3615,6,6,"Norm",1978,210000
2,4,3492,7,9,"Norm",1941,266500
1,2,2156,5,6,"Norm",1950,142125
2,3,2512,5,6,"Norm",1965,147500
